Id_Customer,nombre,apellido,email,telefono,Ciudad
1044,Skye,Betts,sbetts0@nature.com,909-854-8709,San Andres
1020,Grenville,Bruhnsen,gbruhnsen1@nba.com,532-688-6520,Bilovods'k
1039,Jonas,Howton,jhowton2@e-recht24.de,523-440-6589,Taipingxi
1028,Arther,Baradel,abaradel3@liveinternet.ru,454-487-9394,Ladário
1026,Hyman,Dewfall,hdewfall4@plala.or.jp,243-479-4353,Lisiy Nos
1027,Elise,Matlock,ematlock5@ifeng.com,568-568-5547,Kout na Šumavě
1007,Charla,Ovey,covey6@reference.com,211-102-6586,Pujocucho
1036,Noble,Mugleston,nmugleston7@weibo.com,866-600-9557,Krajan Srigonco
1047,Analiese,Gaskin,agaskin8@reddit.com,416-112-6076,Sukowiryo
1040,Carola,Kumar,ckumar9@paypal.com,783-466-0650,Nagrog Wetan
1034,Olwen,Rubinchik,orubinchika@blogs.com,792-319-5825,Nandayure
1012,Gawain,Siveyer,gsiveyerb@smh.com.au,908-762-0076,Čačak
1005,Grace,Normington,gnormingtonc@narod.ru,273-683-2709,Tomilino
1033,Sander,Beebee,sbeebeed@yandex.ru,158-802-9177,Tlučná
1028,Nils,Leiden,nleidene@hatena.ne.jp,932-377-9641,Sosnovka
1004,Bucky,Balbeck,bbalbeckf@mlb.com,544-130-0354,Venustiano Carranza
1010,See,Lumby,slumbyg@irs.gov,991-674-4420,Lavras
1018,Quintilla,Duberry,qduberryh@people.com.cn,397-333-4126,Yaroslavskiy
1013,Carmelina,Baglow,cbaglowi@free.fr,896-942-1927,Sukagawa
1012,Marcelia,Ledgerton,mledgertonj@who.int,355-769-4206,Sarilhos Grandes
1037,Ranee,Bywaters,rbywatersk@liveinternet.ru,381-577-9965,Yangzhou
1030,De,Bernat,dbernatl@hao123.com,665-218-4058,Qal‘at al Andalus
1038,Sharia,Domengue,sdomenguem@bluehost.com,365-152-2198,Banda Layung
1002,Hort,Sneyd,hsneydn@latimes.com,656-192-6832,Gikongoro
1009,Jonie,Tuff,jtuffo@qq.com,524-311-7585,Nakhon Nayok
1050,Vonnie,Sivell,vsivellp@fastcompany.com,318-268-6946,Ninghai
1026,Sollie,Cosstick,scosstickq@163.com,775-339-8460,Turmi
1046,Jaymee,Giampietro,jgiampietror@redcross.org,700-810-9748,Rostokino
1028,Masha,Legat,mlegats@tiny.cc,560-806-6796,Zhushan Chengguanzhen
1044,Freddi,Lafflina,flafflinat@jugem.jp,484-107-5171,Grande Rivière du Nord
1003,Thomasa,Foxon,tfoxonu@princeton.edu,350-358-3100,Pakis
1012,Kassandra,Patington,kpatingtonv@adobe.com,743-848-1749,Kinmparana
1012,Humfrey,McClenaghan,hmcclenaghanw@apple.com,317-834-1507,Tan Sum
1044,Krissy,Gibby,kgibbyx@friendfeed.com,131-349-9292,Blantyre
1048,Aubert,Rewcassell,arewcasselly@mashable.com,656-673-3460,Khāsh
1010,Galina,Gilcrist,ggilcristz@stumbleupon.com,492-525-2855,Samajie Ewenkeminzu
1029,Isabeau,Treuge,itreuge10@guardian.co.uk,886-715-8759,Manzanillo
1031,Carlene,Fasse,cfasse11@purevolume.com,447-387-9547,Vyaz’ma
1010,Gunilla,Cattanach,gcattanach12@oaic.gov.au,222-721-0751,Viña del Mar
1031,Georgia,Cowley,gcowley13@google.it,874-706-0716,Itaquaquecetuba
1032,Gustav,Gristock,ggristock14@census.gov,923-275-7772,Sucun
1007,Zarla,Ollivier,zollivier15@arizona.edu,630-426-5970,Shizi
1039,Jon,Prestner,jprestner16@who.int,512-147-0576,Sarykemer
1022,Honor,Underhill,hunderhill17@miitbeian.gov.cn,879-478-8563,Suqu
1011,Aaren,Kenward,akenward18@aol.com,653-916-4415,Rislane
1021,Theadora,Pavlasek,tpavlasek19@deviantart.com,992-819-4157,Polo
1022,Gunther,Husbands,ghusbands1a@goo.gl,490-900-2379,Nanjie
1011,Kai,Knowlman,kknowlman1b@deliciousdays.com,657-916-4026,Songkeng
1010,Minor,Martusewicz,mmartusewicz1c@live.com,594-277-4684,Ping’an
1036,Ingrid,Durie,idurie1d@squidoo.com,393-636-6085,Songdong
